<?xml version="1.0" encoding="UTF-8" standalone="yes"?>
<addon id="script.module.requests_toolbelt"
       name="requests_toolbelt"
       version="0.9.1"
       provider-name="Ian Cordasco, Cory Benfield">
  <requires>
    <import addon="xbmc.python" version="2.25.0"/>
    <import addon="script.module.requests" version="2.0.1"/>
  </requires>
  <extension point="xbmc.python.module"
             library="lib" />
  <extension point="xbmc.addon.metadata">
    <summary lang="en_GB">A utility belt for advanced users of python-requests.</summary>
    <description lang="en_GB">Packed for Kodi from https://github.com/requests/toolbelt</description>
    <license>Apache 2.0</license>
    <website>https://toolbelt.readthedocs.org</website>
    <source>https://github.com/requests/toolbelt</source>
    <email>graffatcolmingov@gmail.com</email>
    <assets>
      <icon>resources/icon.png</icon>
    </assets>
  </extension>
</addon>
