{
  "1. TV": [
    {
	  "name": "[COLOR lime]          ----------     Oeffentlich Rechtliche & Private Sender     ----------[/COLOR]",
      "thumb": "https://bit.ly/2oSsDWl",
      "video": "ext",
      "genre": "TV"
    },
    {
	  "name": "RTL",
      "thumb": "https://bit.ly/2y2vEUP",
      "video": "plugin://script.module.limitless-swiftstreamz/play/26/1289/play.pvr",
      "genre": "TV"
    },
    {
	  "name": "RTL 2",
      "thumb": "https://bit.ly/2Qdj3VV",
      "video": "plugin://script.module.limitless-swiftstreamz/play/26/1290/play.pvr",
      "genre": "TV"
	},
	{
	  "name": "SUPER RTL",
      "thumb": "https://bit.ly/2DyQXD7",
      "video": "plugin://script.module.limitless-swiftstreamz/play/26/1291/play.pvr",
      "genre": "TV"
	},
	{
	  "name": "RTL NITRO",
      "thumb": "https://bit.ly/2QWAUkj",
      "video": "plugin://script.module.limitless-swiftstreamz/play/26/1292/play.pvr",
      "genre": "TV"
	},
	{
	  "name": "RTL PASSION",
      "thumb": "https://bit.ly/2x7fNnW",
      "video": "plugin://script.module.limitless-swiftstreamz/play/26/1293/play.pvr",
      "genre": "TV"
	},
	{
	  "name": "RTL CRIME",
      "thumb": "https://bit.ly/2zzZthr",
      "video": "plugin://script.module.limitless-swiftstreamz/play/26/1294/play.pvr",
      "genre": "TV"
	},
	{
	  "name": "KIKA TV",
      "thumb": "https://bit.ly/2RVQdLu",
      "video": "plugin://script.module.limitless-swiftstreamz/play/26/1302/play.pvr",
      "genre": "TV"
	},
	{
	  "name": "PRO 7",
      "thumb": "https://bit.ly/2N8poQC",
      "video": "plugin://script.module.limitless-swiftstreamz/play/26/1303/play.pvr",
      "genre": "TV"
	},
	{
	  "name": "VOX",
      "thumb": "https://bit.ly/2xIiCwe",
      "video": "plugin://script.module.limitless-swiftstreamz/play/26/1304/play.pvr",
      "genre": "TV"
	},
	{
	  "name": "ZDF TV",
      "thumb": "https://bit.ly/2DLcWXV",
      "video": "plugin://script.module.limitless-swiftstreamz/play/26/1305/play.pvr",
      "genre": "TV"
	},
	{
	  "name": "SAT 1",
      "thumb": "https://bit.ly/2xT59RA",
      "video": "plugin://script.module.limitless-swiftstreamz/play/26/1306/play.pvr",
      "genre": "TV"
	},
	{
	  "name": "ARD 1",
      "thumb": "https://bit.ly/2zwvZRq",
      "video": "plugin://script.module.limitless-swiftstreamz/play/26/1307/play.pvr",
      "genre": "TV"
	},   
    {
	  "name": "DISNEY CHANNEL DE",
      "thumb": "https://bit.ly/2HDTEoT",
      "video": "plugin://script.module.limitless-swiftstreamz/play/26/1328/play.pvr",
      "genre": "TV"
	},
    {
	  "name": "DISNEY XD DE",
      "thumb": "https://bit.ly/2FuORA3",
      "video": "plugin://script.module.limitless-swiftstreamz/play/26/1329/play.pvr",
      "genre": "TV"
	},
    {
	  "name": "PRO7 MAXX",
      "thumb": "https://bit.ly/2NWMn31",
      "video": "plugin://script.module.limitless-swiftstreamz/play/26/1332/play.pvr",
      "genre": "TV"
	}
  ],
  "2. PAY": [
    {
	  "name": "[COLOR lime]                  ----------             Pay-TV             ----------[/COLOR]",
      "thumb": "https://bit.ly/2oSsDWl",
      "video": "ext",
      "genre": "SKY"
    },
    {
	  "name": "SKY CINEMA",
      "thumb": "https://bit.ly/2HFRj8x",
      "video": "plugin://script.module.limitless-swiftstreamz/play/26/1296/play.pvr",
      "genre": "SKY"
    },
    {
	  "name": "SKY CINEMA 1",
      "thumb": "https://bit.ly/2I9y8aG",
      "video": "plugin://script.module.limitless-swiftstreamz/play/26/1297/play.pvr",
      "genre": "SKY"
	},
    {
	  "name": "SKY CINEMA 24",
      "thumb": "https://bit.ly/2raRe6B",
      "video": "plugin://script.module.limitless-swiftstreamz/play/26/1298/play.pvr",
      "genre": "SKY"
	},
    {
	  "name": "SKY ACTION",
      "thumb": "https://bit.ly/2rbUBJJ",
      "video": "plugin://script.module.limitless-swiftstreamz/play/26/1299/play.pvr",
      "genre": "SKY"
	},
    {
	  "name": "SKY ATLATIC",
      "thumb": "https://bit.ly/2FtzyHZ",
      "video": "plugin://script.module.limitless-swiftstreamz/play/26/1300/play.pvr",
      "genre": "SKY"
	},
    {
	  "name": "SKY COMEDY",
      "thumb": "https://bit.ly/2HDK1Gr",
      "video": "plugin://script.module.limitless-swiftstreamz/play/26/1301/play.pvr",
      "genre": "SKY"
	},
    {
	  "name": "SKY HITS",
      "thumb": "https://bit.ly/2jjUjx8",
      "video": "plugin://script.module.limitless-swiftstreamz/play/26/1313/play.pvr",
      "genre": "SKY"
	},
    {
	  "name": "TNT FILM",
      "thumb": "https://bit.ly/2jjJACz",
      "video": "plugin://script.module.limitless-swiftstreamz/play/26/1330/play.pvr",
      "genre": "SKY"
	},
    {
	  "name": "TNT SERIES",
      "thumb": "https://bit.ly/2vXmDhT",
      "video": "plugin://script.module.limitless-swiftstreamz/play/26/1331/play.pvr",
      "genre": "SKY"
	},
    {
	  "name": "AXN DE",
      "thumb": "https://bit.ly/2I74zXD",
      "video": "plugin://script.module.limitless-swiftstreamz/play/26/1295/play.pvr",
      "genre": "SKY"
	}
  ],
  "3. SELECT": [
	{
	  "name": "[COLOR lime]                  ----------             Select             ----------[/COLOR]",
      "thumb": "https://bit.ly/2oSsDWl",
      "video": "ext",
      "genre": "SELECT"
	},
    {
	  "name": "SKY SELECT 1",
      "thumb": "http://static.iptv-epg.com/de/SkySelect1.de.png",
      "video": "plugin://script.module.limitless-swiftstreamz/play/26/1314/play.pvr",
      "genre": "SELECT"
	},
    {
	  "name": "SKY SELECT 2",
      "thumb": "http://static.iptv-epg.com/de/SkySelect2.de.png",
      "video": "plugin://script.module.limitless-swiftstreamz/play/26/1315/play.pvr",
      "genre": "SELECT"
	},
    {
	  "name": "SKY SELECT 3",
      "thumb": "http://static.iptv-epg.com/de/SkySelect3.de.png",
      "video": "plugin://script.module.limitless-swiftstreamz/play/26/1316/play.pvr",
      "genre": "SELECT"
	},
    {
	  "name": "SKY SELECT 4",
      "thumb": "http://static.iptv-epg.com/de/SkySelect4.de.png",
      "video": "plugin://script.module.limitless-swiftstreamz/play/26/1317/play.pvr",
      "genre": "SELECT"
	},
    {
	  "name": "SKY SELECT 5",
      "thumb": "http://static.iptv-epg.com/de/SkySelect5.de.png",
      "video": "plugin://script.module.limitless-swiftstreamz/play/26/1318/play.pvr",
      "genre": "SELECT"
	}
  ],
  "4. DOKU": [
	{
	  "name": "[COLOR lime]                  ----------             DOKU             ----------[/COLOR]",
      "thumb": "https://bit.ly/2oSsDWl",
      "video": "ext",
      "genre": "DOKU"
	},
	{
	  "name": "NTV",
      "thumb": "https://bit.ly/2OVs3Ph",
      "video": "plugin://script.module.limitless-swiftstreamz/play/26/1308/play.pvr",
      "genre": "DOKU"
	},
	{
	  "name": "N24",
      "thumb": "https://bit.ly/2Qet4Cw",
      "video": "plugin://script.module.limitless-swiftstreamz/play/26/1309/play.pvr",
      "genre": "DOKU"
	},
    {
	  "name": "DISCOVERY",
      "thumb": "https://bit.ly/2HIan6j",
      "video": "plugin://script.module.limitless-swiftstreamz/play/26/1310/play.pvr",
      "genre": "DOKU"
	},
    {
	  "name": "HISTORY DE",
      "thumb": "https://bit.ly/2FygMze",
      "video": "plugin://script.module.limitless-swiftstreamz/play/26/1311/play.pvr",
      "genre": "DOKU"
	},
    {
	  "name": "NAT GEO WILD",
      "thumb": "https://bit.ly/2jjTyUJ",
      "video": "plugin://script.module.limitless-swiftstreamz/play/26/1312/play.pvr",
      "genre": "DOKU"
	},
    {
	  "name": "ANIMAL PLANET DE",
      "thumb": "https://bit.ly/2HF93oU",
      "video": "plugin://script.module.limitless-swiftstreamz/play/26/1333/play.pvr",
      "genre": "DOKU"
	},
    {
	  "name": "NAT GEO DE",
      "thumb": "https://bit.ly/2jjALZO",
      "video": "plugin://script.module.limitless-swiftstreamz/play/26/1334/play.pvr",
      "genre": "DOKU"
	},
    {
	  "name": "NAT GEO PEOPLE DE",
      "thumb": "https://bit.ly/2IZKVhV",
      "video": "plugin://script.module.limitless-swiftstreamz/play/26/1335/play.pvr",
      "genre": "DOKU"
	},
	{
	  "name": "YESTARDAY",
      "thumb": "https://bit.ly/2IZKVhV",
      "video": "plugin://script.module.limitless-swiftstreamz/play/4/333/play.pvr",
      "genre": "DOKU"
	},
	{
	  "name": "DIY NETWORK",
      "thumb": "https://bit.ly/2VwxHdS",
      "video": "plugin://script.module.limitless-swiftstreamz/play/17/1055/play.pvr",
      "genre": "DOKU"
	}
  ],
  "5. SPORTS": [
	{
	  "name": "[COLOR lime]                  ----------             Sports             ----------[/COLOR]",
      "thumb": "https://bit.ly/2oSsDWl",
      "video": "ext",
      "genre": "SPORT"
	},
	{
	  "name": "SKY SPORTS 1 DE",
      "thumb": "https://bit.ly/2rgO4Of",
      "video": "plugin://script.module.limitless-swiftstreamz/play/26/1319/play.pvr",
      "genre": "SPORT"
	},
    {
	  "name": "SKY SPORTS 2 DE",
      "thumb": "https://bit.ly/2HKYlJy",
      "video": "plugin://script.module.limitless-swiftstreamz/play/26/1320/play.pvr",
      "genre": "SPORT"
	},
    {
	  "name": "SKY SPORTS 3 DE",
      "thumb": "https://bit.ly/2HGc20g",
      "video": "plugin://script.module.limitless-swiftstreamz/play/26/1321/play.pvr",
      "genre": "SPORT"
	},
    {
	  "name": "SKY SPORTS 4 DE",
      "thumb": "https://bit.ly/2rb6iR6",
      "video": "plugin://script.module.limitless-swiftstreamz/play/26/1322/play.pvr",
      "genre": "SPORT"
	},
    {
	  "name": "SKY SPORTS 5 DE",
      "thumb": "https://bit.ly/2rcUhKK",
      "video": "plugin://script.module.limitless-swiftstreamz/play/26/1323/play.pvr",
      "genre": "SPORT"
	},
    {
	  "name": "SKY SPORTS 6 DE",
      "thumb": "https://bit.ly/2ErWFr9",
      "video": "plugin://script.module.limitless-swiftstreamz/play/26/1324/play.pvr",
      "genre": "SPORT"
	},
    {
	  "name": "SKY SPORTS AUSTRIA DE",
      "thumb": "https://bit.ly/2xQUkPT",
      "video": "plugin://script.module.limitless-swiftstreamz/play/26/1325/play.pvr",
      "genre": "SPORT"
	},
    {
	  "name": "SKY SP BUNDESLIGA 1",
      "thumb": "https://bit.ly/2Fuj8z3",
      "video": "plugin://script.module.limitless-swiftstreamz/play/26/1326/play.pvr",
      "genre": "SPORT"
	},
    {
	  "name": "SKY SP BUNDESLIGA 2",
      "thumb": "https://bit.ly/2I3oWEQ",
      "video": "plugin://script.module.limitless-swiftstreamz/play/26/1327/play.pvr",
      "genre": "SPORT"
	}
  ],
  "6. SPORTS 2": [
	{
	  "name": "[COLOR lime]                  ----------             Sports 2            ----------[/COLOR]",
      "thumb": "https://bit.ly/2oSsDWl",
      "video": "ext",
      "genre": "SPORT"
	},
	{
	  "name": "BOX NATION",
      "thumb": "https://bit.ly/2NAwn6I",
      "video": "plugin://script.module.limitless-swiftstreamz/play/8/711/play.pvr",
      "genre": "SPORT"
	},
	{
	  "name": "FIGHTBOX",
      "thumb": "https://bit.ly/2NAwn6I",
      "video": "plugin://script.module.limitless-swiftstreamz/play/8/804/play.pvr",
      "genre": "SPORT"
	},
	{
	  "name": "UFC FIGHT",
      "thumb": "https://bit.ly/2NAwn6I",
      "video": "plugin://script.module.limitless-swiftstreamz/play/8/833/play.pvr",
      "genre": "SPORT"
	},
	{
	  "name": "KOMBAT SPORTS",
      "thumb": "https://bit.ly/2NAwn6I",
      "video": "plugin://script.module.limitless-swiftstreamz/play/25/1260/play.pvr",
      "genre": "SPORT"
	},
	{
	  "name": "WWE NETWORK",
      "thumb": "https://bit.ly/2NAwn6I",
      "video": "plugin://script.module.limitless-swiftstreamz/play/8/715/play.pvr",
      "genre": "SPORT"
	},
	{
	  "name": "NFL NETWORK",
      "thumb": "https://bit.ly/2NAwn6I",
      "video": "plugin://script.module.limitless-swiftstreamz/play/8/769/play.pvr",
      "genre": "SPORT"
	},
	{
	  "name": "NBA TV",
      "thumb": "https://bit.ly/2NAwn6I",
      "video": "plugin://script.module.limitless-swiftstreamz/play/8/767/play.pvr",
      "genre": "SPORT"
	},
	{
	  "name": "TOROS TV",
      "thumb": "https://bit.ly/2NAwn6I",
      "video": "plugin://script.module.limitless-swiftstreamz/play/32/1501/play.pvr",
      "genre": "SPORT"
	},
    {
	  "name": "MILAN TV",
      "thumb": "https://bit.ly/2NAwn6I",
      "video": "plugin://script.module.limitless-swiftstreamz/play/27/1366/play.pvr",
      "genre": "SPORT"
	},
    {
	  "name": "ZIGGO GOLF",
      "thumb": "https://bit.ly/2NAwn6I",
      "video": "plugin://script.module.limitless-swiftstreamz/play/29/1392/play.pvr",
      "genre": "SPORT"
	},
    {
	  "name": "ZIGGO RACING",
      "thumb": "https://bit.ly/2NAwn6I",
      "video": "plugin://script.module.limitless-swiftstreamz/play/29/1393/play.pvr",
      "genre": "SPORT"
	},
    {
	  "name": "ZIGGO VOETBAL",
      "thumb": "https://bit.ly/2NAwn6I",
      "video": "plugin://script.module.limitless-swiftstreamz/play/29/1394/play.pvr",
      "genre": "SPORT"
	},
    {
	  "name": "TENNIS CHANNEL",
      "thumb": "https://bit.ly/2NAwn6I",
      "video": "plugin://script.module.limitless-swiftstreamz/play/5/241/play.pvr",
      "genre": "SPORT"
	},
	{
	  "name": "IFC",
      "thumb": "https://bit.ly/2NAwn6I",
      "video": "plugin://script.module.limitless-swiftstreamz/play/5/251/play.pvr",
      "genre": "SPORT"
	},
	{
	  "name": "BEIN SPORTS ES",
      "thumb": "https://bit.ly/2NAwn6I",
      "video": "plugin://script.module.limitless-swiftstreamz/play/32/1483/play.pvr",
      "genre": "SPORT"
	},
	{
	  "name": "BEIN LALIGA",
      "thumb": "https://bit.ly/2NAwn6I",
      "video": "plugin://script.module.limitless-swiftstreamz/play/32/1485/play.pvr",
      "genre": "SPORT"
	},
	{
	  "name": "M MOTOTGP",
      "thumb": "https://bit.ly/2NAwn6I",
      "video": "plugin://script.module.limitless-swiftstreamz/play/32/1491/play.pvr",
      "genre": "SPORT"
	},
	{
	  "name": "M FORMULA 1",
      "thumb": "https://bit.ly/2NAwn6I",
      "video": "plugin://script.module.limitless-swiftstreamz/play/32/1493/play.pvr",
      "genre": "SPORT"
	},
	{
	  "name": "M FOTBOL",
      "thumb": "https://bit.ly/2NAwn6I",
      "video": "plugin://script.module.limitless-swiftstreamz/play/32/1494/play.pvr",
      "genre": "SPORT"
	},
	{
	  "name": "M GOLF",
      "thumb": "https://bit.ly/2NAwn6I",
      "video": "plugin://script.module.limitless-swiftstreamz/play/32/1502/play.pvr",
      "genre": "SPORT"
	},
	{
	  "name": "LIGA 123",
      "thumb": "https://bit.ly/2NAwn6I",
      "video": "plugin://script.module.limitless-swiftstreamz/play/32/1503/play.pvr",
      "genre": "SPORT"
	},
	{
	  "name": "LIGA DE CAMPEONES",
      "thumb": "https://bit.ly/2NAwn6I",
      "video": "plugin://script.module.limitless-swiftstreamz/play/32/1505/play.pvr",
      "genre": "SPORT"
	},
	{
	  "name": "PTV SPORTS",
      "thumb": "https://bit.ly/2NAwn6I",
      "video": "plugin://script.module.limitless-swiftstreamz/play/8/454/play.pvr",
      "genre": "SPORT"
	},
	{
	  "name": "LIGA DE CAMPEONES",
      "thumb": "https://bit.ly/2NAwn6I",
      "video": "plugin://script.module.limitless-swiftstreamz/play/32/1505/play.pvr",
      "genre": "SPORT"
	},
	{
	  "name": "ESPN",
      "thumb": "https://bit.ly/2NAwn6I",
      "video": "plugin://script.module.limitless-swiftstreamz/play/8/647/play.pvr",
      "genre": "SPORT"
	},
	{
	  "name": "REAL MADRID",
      "thumb": "https://bit.ly/2NAwn6I",
      "video": "plugin://script.module.limitless-swiftstreamz/play/8/718/play.pvr",
      "genre": "SPORT"
	},
	{
	  "name": "Arena Sports 1",
      "thumb": "https://bit.ly/2NAwn6I",
      "video": "plugin://script.module.limitless-swiftstreamz/play/8/736/play.pvr",
      "genre": "SPORT"
	},
	{
	  "name": "Arena Sports 2",
      "thumb": "https://bit.ly/2NAwn6I",
      "video": "plugin://script.module.limitless-swiftstreamz/play/8/737/play.pvr",
      "genre": "SPORT"
	},
	{
	  "name": "Arena Sports 3",
      "thumb": "https://bit.ly/2NAwn6I",
      "video": "plugin://script.module.limitless-swiftstreamz/play/8/738/play.pvr",
      "genre": "SPORT"
	},
	{
	  "name": "Arena Sports 4",
      "thumb": "https://bit.ly/2NAwn6I",
      "video": "plugin://script.module.limitless-swiftstreamz/play/8/739/play.pvr",
      "genre": "SPORT"
	},
	{
	  "name": "Arena Sports 5",
      "thumb": "https://bit.ly/2NAwn6I",
      "video": "plugin://script.module.limitless-swiftstreamz/play/8/740/play.pvr",
      "genre": "SPORT"
	},
	{
	  "name": "FREE SPORTS",
      "thumb": "https://bit.ly/2NAwn6I",
      "video": "plugin://script.module.limitless-swiftstreamz/play/8/809/play.pvr",
      "genre": "SPORT"
	}
  ]
}
