<?xml version="1.0" encoding="UTF-8" standalone="yes"?>


<item>
<title>[B][COLOR limered]============================================= [/B][/COLOR]<title>
<link>http://ignorame<link><thumbnail>ext</thumbnail>
<externallink></externallink>
<fanart>https://i.imgur.com/5LelUfo.jpg</fanart>
<info>[B][I][COLOR darkred] RaspberryPi KODI DEUTSCHLAND COMMUNITY [/B][/I][/COLOR]</info>
<item>


<item>
<title>[B][COLOR lime]===  First Download & Install plugin.git.browser!!!   ===   https://bit.ly/33N2cQr   ===   Inside The Addon Search Username: KDC-Community   ===   Then Install All """script.module""" And Enjoy!!! [/B][/COLOR]<title>
<link>http://ignorame<link><thumbnail>ext</thumbnail>
<externallink></externallink>
<fanart>https://i.imgur.com/5LelUfo.jpg</fanart>
<info>[B][I][COLOR darkred] RaspberryPi KODI DEUTSCHLAND COMMUNITY [/B][/I][/COLOR]</info>
<item>
<item>
<title>[B][COLOR limered]============================================= [/B][/COLOR]<title>
<link>http://ignorame<link><thumbnail>ext</thumbnail>
<externallink></externallink>
<fanart>https://i.imgur.com/5LelUfo.jpg</fanart>
<info>[B][I][COLOR darkred] RaspberryPi KODI DEUTSCHLAND COMMUNITY [/B][/I][/COLOR]</info>
<item>


<item>
<title>[B][COLOR antiquewhite]===  Free German [COLOR darkred] TV & Radio [COLOR antiquewhite]===[/B][/COLOR]<title>
<link>http://ignorame<link><thumbnail>ext</thumbnail>
<externallink>https://raw.githubusercontent.com/jnk22/kodinerds-iptv/master/iptv/kodi/kodi.m3u</externallink>
<fanart>https://i.imgur.com/5LelUfo.jpg</fanart>
<info>[B][I][COLOR darkred] RaspberryPi KODI DEUTSCHLAND COMMUNITY [/B][/I][/COLOR]</info>
<item>


<item>
<title>[B][COLOR antiquewhite]===  Free German [COLOR darkred] TV [COLOR antiquewhite]===[/B][/COLOR]<title>
<link>http://ignorame<link><thumbnail>ext</thumbnail>
<externallink>https://raw.githubusercontent.com/jnk22/kodinerds-iptv/master/iptv/kodi/kodi_tv.m3u</externallink>
<fanart>https://i.imgur.com/5LelUfo.jpg</fanart>
<info>[B][I][COLOR darkred] RaspberryPi KODI DEUTSCHLAND COMMUNITY [/B][/I][/COLOR]</info>
<item>


<item>
<title>[B][COLOR limered]============================================= [/B][/COLOR]<title>
<link>http://ignorame<link><thumbnail>ext</thumbnail>
<externallink></externallink>
<fanart>https://i.imgur.com/5LelUfo.jpg</fanart>
<info>[B][I][COLOR darkred] RaspberryPi KODI DEUTSCHLAND COMMUNITY [/B][/I][/COLOR]</info>
<item>


<item>
<title>[B][COLOR antiquewhite]===  Wagas World [COLOR darkred] Portal [COLOR antiquewhite]===[/COLOR][/B]<title>
<link>http://ignorame<link><thumbnail>ext</thumbnail>
<externallink>http://wagasworld.com/Kodi/wwstreamportal.xml</externallink>
<fanart>https://i.imgur.com/5LelUfo.jpg</fanart>
<info>[B][I][COLOR darkred] RaspberryPi KODI DEUTSCHLAND COMMUNITY [/B][/I][/COLOR]</info>
<item>


<item>
<title>[B][COLOR antiquewhite]===  SGK [COLOR darkred] Portal [COLOR antiquewhite]===[/COLOR][/B]<title>
<link>http://ignorame<link><thumbnail>ext</thumbnail>
<externallink>http://sgkodi.de/SGK-Portal/portal.xml</externallink>
<fanart>https://i.imgur.com/5LelUfo.jpg</fanart>
<info>[B][I][COLOR darkred] RaspberryPi KODI DEUTSCHLAND COMMUNITY [/B][/I][/COLOR]</info>
<item>


<item>
<title>[B][COLOR antiquewhite]===  OpenKD [COLOR darkred] Portal [COLOR antiquewhite]===[/COLOR][/B]<title>
<link>http://ignorame<link><thumbnail>ext</thumbnail>
<externallink>http://openkd.tv/homepage/files/OpenKD_Portal/portal.txt</externallink>
<fanart>https://i.imgur.com/5LelUfo.jpg</fanart>
<info>[B][I][COLOR darkred] RaspberryPi KODI DEUTSCHLAND COMMUNITY [/B][/I][/COLOR]</info>
<item>


<item>
<title>[B][COLOR antiquewhite]===  Psyco [COLOR darkred] Portal [COLOR antiquewhite]===[/COLOR][/B]<title>
<link>http://ignorame<link><thumbnail>ext</thumbnail>
<externallink>https://raw.githubusercontent.com/PsycoTV/PsycoTV/master/psyco</externallink>
<fanart>https://i.imgur.com/5LelUfo.jpg</fanart>
<info>[B][I][COLOR darkred] RaspberryPi KODI DEUTSCHLAND COMMUNITY [/B][/I][/COLOR]</info>
<item>


<item>
<title>[B][COLOR antiquewhite]===  Ghost [COLOR darkred] Portal [COLOR antiquewhite]===[/COLOR][/B]<title>
<link>http://ignorame<link><thumbnail>ext</thumbnail>
<externallink>http://ghost-repo.de/Ghost_Portal/Ghost-Haupt/Ghost_TV.txt</externallink>
<fanart>https://i.imgur.com/5LelUfo.jpg</fanart>
<info>[B][I][COLOR darkred] RaspberryPi KODI DEUTSCHLAND COMMUNITY [/B][/I][/COLOR]</info>
<item>
<item>
<title>[B][COLOR antiquewhite]===  Ghost [COLOR darkred] Portal TV [COLOR antiquewhite]===[/COLOR][/B]<title>
<link>http://ignorame<link><thumbnail>ext</thumbnail>
<externallink>http://ghost-repo.de/Ghost_Portal/Ghost_TV.txt</externallink>
<fanart>https://i.imgur.com/5LelUfo.jpg</fanart>
<info>[B][I][COLOR darkred] RaspberryPi KODI DEUTSCHLAND COMMUNITY [/B][/I][/COLOR]</info>
<item>



<item>
<title>[B][COLOR limered]============================================= [/B][/COLOR]<title>
<link>http://ignorame<link><thumbnail>ext</thumbnail>
<externallink></externallink>
<fanart>https://i.imgur.com/5LelUfo.jpg</fanart>
<info>[B][I][COLOR darkred] RaspberryPi KODI DEUTSCHLAND COMMUNITY [/B][/I][/COLOR]</info>
<item>


<item>
<title>[B][COLOR antiquewhite]===  YouTube [COLOR darkred] Horror [B][COLOR antiquewhite] (Playlists) [B][COLOR antiquewhite]===[/COLOR][/B]</title>
<link>$doregex[makelist]</link>
<thumbnail>ext<thumbnail>
<regex><name>makelist</name>
  <listrepeat><![CDATA[
        <title>[COLOR antiquewhite][makelist.param1] [/COLOR]</title>
        <utube>[makelist.param2]</utube>
        <thumbnail></thumbnail>
  <fanart>https://i.imgur.com/5LelUfo.jpg</fanart>
]]></listrepeat>    
 
<expres><![CDATA[data-title="(.*?)".*?v=(.*?)&]]></expres>
<page>https://www.youtube.com/playlist?list=PLRssMoJi_J-knVw6JirzB71BJIrA8x2HB</page>
<agent>Mozilla/5.0 (X11; Linux i686; rv:42.0) Gecko/20100101 Firefox/42.0 Iceweasel/42.0</agent>
<cookieJar></cookieJar>
</regex>
<fanart>https://i.imgur.com/5LelUfo.jpg</fanart>
</item>




<item>
<title>[B][COLOR antiquewhite]===  YouTube [COLOR darkred] Filme [B][COLOR antiquewhite] (Querylists) [COLOR antiquewhite]===[/COLOR][/B]</title>
<link>$doregex[makelist]</link>
 
<regex>
<name>makelist</name>
<listrepeat><![CDATA[
<title>[makelist.param2]    [makelist.param3]  </title>
<link>plugin://plugin.video.youtube/play/?video_id=[makelist.param1]</link>
]]></listrepeat>
<expres>href="\/watch\?v=(.*?)".*?dir="ltr">(.*?)&lt;\/a.*?> -(.*?)&lt;</expres>
<page>https://www.youtube.com/results?search_query=filme+deutsch+in+voller+l%C3%A4nge</page>    <!-- More pages ?  CHANGE THIS ADRESS !! and nothing else  -->
<thumbnail>ext</thumbnail>
<fanart>https://i.imgur.com/5LelUfo.jpg</fanart>
</regex>
</item>



<item>
<title>[B][COLOR limered]============================================= [/B][/COLOR]<title>
<link>http://ignorame<link><thumbnail>ext</thumbnail>
<externallink></externallink>
<fanart>https://i.imgur.com/5LelUfo.jpg</fanart>
<info>[B][I][COLOR darkred] RaspberryPi KODI DEUTSCHLAND COMMUNITY [/B][/I][/COLOR]</info>
<item>



<item>
<title>[B][COLOR limered]============================================= [/B][/COLOR]<title>
<link>http://ignorame<link><thumbnail>ext</thumbnail>
<externallink></externallink>
<fanart>https://i.imgur.com/5LelUfo.jpg</fanart>
<info>[B][I][COLOR darkred] RaspberryPi KODI DEUTSCHLAND COMMUNITY [/B][/I][/COLOR]</info>
<item>


<item>
<title>[B][COLOR lime]===  First Download & Install plugin.git.browser!!!   ===   https://bit.ly/33N2cQr   ===   Inside The Addon Search Username: KDC-Community   ===   Then Install All """script.module""" And Enjoy!!! [/B][/COLOR]<title>
<link>http://ignorame<link><thumbnail>ext</thumbnail>
<externallink></externallink>
<fanart>https://i.imgur.com/5LelUfo.jpg</fanart>
<info>[B][I][COLOR darkred] RaspberryPi KODI DEUTSCHLAND COMMUNITY [/B][/I][/COLOR]</info>
<item>
<item>
<title>[B][COLOR limered]============================================= [/B][/COLOR]<title>
<link>http://ignorame<link><thumbnail>ext</thumbnail>
<externallink></externallink>
<fanart>https://i.imgur.com/5LelUfo.jpg</fanart>
<info>[B][I][COLOR darkred] RaspberryPi KODI DEUTSCHLAND COMMUNITY [/B][/I][/COLOR]</info>
<item>



<item>
<title>[B][COLOR antiquewhite]=== [B][COLOR lime] LiveNet [COLOR lime] TV Germany [COLOR antiquewhite]=== [/B][/COLOR]<title>
<link>http://ignorame<link><thumbnail>ext</thumbnail>
<jsonrpc>plugin://script.module.fvg/list_channels/25</jsonrpc>
<fanart>https://i.imgur.com/5LelUfo.jpg</fanart>
<info>[B][I][COLOR darkred] RaspberryPi KODI DEUTSCHLAND COMMUNITY [/B][/I][/COLOR]</info>
<item>


<item>
<title>[B][COLOR antiquewhite]=== [B][COLOR lime] LiveNet [COLOR lime] TV World [COLOR antiquewhite]=== [/B][/COLOR]<title>
<link>http://ignorame<link><thumbnail>ext</thumbnail>
<jsonrpc>plugin://script.module.fvg</jsonrpc>
<fanart>https://i.imgur.com/5LelUfo.jpg</fanart>
<info>[B][I][COLOR darkred] RaspberryPi KODI DEUTSCHLAND COMMUNITY [/B][/I][/COLOR]</info>
<item>


<item>
<title>[B][COLOR antiquewhite]=== [B][COLOR lime] UKTV Now [COLOR lime] TV [COLOR antiquewhite]=== [/B][/COLOR]<title>
<link>http://ignorame<link><thumbnail>ext</thumbnail>
<jsonrpc>plugin://script.module.wvg</jsonrpc>
<fanart>https://i.imgur.com/5LelUfo.jpg</fanart>
<info>[B][I][COLOR darkred] RaspberryPi KODI DEUTSCHLAND COMMUNITY [/B][/I][/COLOR]</info>
<item>


<item>
<title>[B][COLOR antiquewhite]=== [B][COLOR lime] Swift [COLOR lime] World TV [COLOR antiquewhite]=== [/COLOR][/B]<title>
<link>http://ignorame<link><thumbnail>ext</thumbnail>
<jsonrpc>plugin://script.module.limitless-swiftstreamz</jsonrpc>
<fanart>https://i.imgur.com/5LelUfo.jpg</fanart>
<info>[B][I][COLOR darkred] RaspberryPi KODI DEUTSCHLAND COMMUNITY [/B][/I][/COLOR]</info>
<item>


<item>
<title>[B][COLOR antiquewhite]=== [B][COLOR lime] Tab [COLOR lime] TV [COLOR antiquewhite]=== [/COLOR][/B]<title>
<link>http://ignorame<link><thumbnail>ext</thumbnail>
<jsonrpc>plugin://script.module.limitless-tvtap</jsonrpc>
<fanart>https://i.imgur.com/5LelUfo.jpg</fanart>
<info>[B][I][COLOR darkred] RaspberryPi KODI DEUTSCHLAND COMMUNITY [/B][/I][/COLOR]</info>
<item>


<item>
<title>[B][COLOR antiquewhite]=== [B][COLOR lime] Video Devil [COLOR lime] XXX 18+ [COLOR antiquewhite]===[/COLOR][/B]<title>
<link>http://ignorame<link><thumbnail>ext</thumbnail>
<jsonrpc>plugin://script.module.7of9-videodevil</jsonrpc>
<fanart>https://i.imgur.com/5LelUfo.jpg</fanart>
<info>[B][I][COLOR darkred] RaspberryPi KODI DEUTSCHLAND COMMUNITY [/B][/I][/COLOR]</info>
<item>


<item>
<title>[B][COLOR antiquewhite]=== [B][COLOR lime] Motherless [COLOR lime] XXX 18+ [COLOR antiquewhite]===[/COLOR][/B]<title>
<link>http://ignorame<link><thumbnail>ext</thumbnail>
<jsonrpc>plugin://script.module.7of9-motherless</jsonrpc>
<fanart>https://i.imgur.com/5LelUfo.jpg</fanart>
<info>[B][I][COLOR darkred] RaspberryPi KODI DEUTSCHLAND COMMUNITY [/B][/I][/COLOR]</info>
<item>


<item>
<title>[B][COLOR antiquewhite]=== [B][COLOR lime] A Pirates Life [B][COLOR darkred] (Needs Real Debrid Acc.) [COLOR antiquewhite]===[/COLOR][/B]<title>
<link>http://ignorame<link><thumbnail>ext</thumbnail>
<jsonrpc>plugin://script.module.7of9-pirateslife4me</jsonrpc>
<fanart>https://i.imgur.com/5LelUfo.jpg</fanart>
<info>[B][I][COLOR darkred] Torrent Only with Real Debrid Account [/B][/I][/COLOR]</info>
<item>


<item>
<title>[B][COLOR limered]============================================= [/B][/COLOR]<title>
<link>http://ignorame<link><thumbnail>ext</thumbnail>
<externallink></externallink>
<fanart>https://i.imgur.com/5LelUfo.jpg</fanart>
<info>[B][I][COLOR darkred] RaspberryPi KODI DEUTSCHLAND COMMUNITY [/B][/I][/COLOR]</info>
<item>


<item>
<title>[B][COLOR antiquewhite]===  Pavoo [COLOR darkred] TV [COLOR antiquewhite]===[/COLOR][/B]<title>
<link>http://ignorame<link><thumbnail>ext</thumbnail>
<externallink>http://pavootv.com/PAVOOTV/germany/menu.xml</externallink>
<fanart>https://i.imgur.com/5LelUfo.jpg</fanart>
<info>[B][I][COLOR darkred] RaspberryPi KODI DEUTSCHLAND COMMUNITY [/B][/I][/COLOR]</info>
<item>


<item>
<title>[B][COLOR antiquewhite]===  Pavoo [COLOR darkred] Länder TV [COLOR antiquewhite]===[/COLOR][/B]<title>
<link>http://ignorame<link><thumbnail>ext</thumbnail>
<externallink>http://pavootv.com/PAVOOTV/world.xml</externallink>
<fanart>https://i.imgur.com/5LelUfo.jpg</fanart>
<info>[B][I][COLOR darkred] RaspberryPi KODI DEUTSCHLAND COMMUNITY [/B][/I][/COLOR]</info>
<item>



<item>
<title>[B][COLOR antiquewhite]===  Robin Hood [COLOR darkred] TV [COLOR antiquewhite]===[/COLOR][/B]<title>
<link>http://ignorame<link><thumbnail>ext</thumbnail>
<externallink>http://kodibalkan.com/MenuWorld/GERMANY/menu.xml</externallink>
<fanart>https://i.imgur.com/5LelUfo.jpg</fanart>
<info>[B][I][COLOR darkred] RaspberryPi KODI DEUTSCHLAND COMMUNITY [/B][/I][/COLOR]</info>
<item>


<item>
<title>[B][COLOR antiquewhite]===  Ghost [COLOR darkred] TV [COLOR antiquewhite]===[/COLOR][/B]<title>
<link>http://ignorame<link><thumbnail>ext</thumbnail>
<externallink>http://ghost-repo.de/Ghost_Portal/sky/ghostsiptv.txt</externallink>
<fanart>https://i.imgur.com/5LelUfo.jpg</fanart>
<info>[B][I][COLOR darkred] RaspberryPi KODI DEUTSCHLAND COMMUNITY [/B][/I][/COLOR]</info>
<item>


<item>
<title>[B][COLOR antiquewhite]===  Voodoo [COLOR darkred] TV [COLOR antiquewhite]===[/COLOR][/B]<title>
<link>http://ignorame<link><thumbnail>ext</thumbnail>
<externallink>https://pastebin.com/raw/i8FQWG7X</externallink>
<fanart>https://i.imgur.com/5LelUfo.jpg</fanart>
<info>[B][I][COLOR darkred] RaspberryPi KODI DEUTSCHLAND COMMUNITY [/B][/I][/COLOR]</info>
<item>


<item>
<title>[B][COLOR antiquewhite]===  Samsung Freak [COLOR darkred] TV [COLOR antiquewhite]===[/COLOR][/B]<title>
<link>http://ignorame<link><thumbnail>ext</thumbnail>
<externallink>https://raw.githubusercontent.com/Mikolaj2019/TheSamsungFreak-TV-Addon/master/TheSamsungFreakTVMenueTEST</externallink>
<fanart>https://i.imgur.com/5LelUfo.jpg</fanart>
<info>[B][I][COLOR darkred] RaspberryPi KODI DEUTSCHLAND COMMUNITY [/B][/I][/COLOR]</info>
<item>



<item>
<title>[B][COLOR antiquewhite]===  Zadar [COLOR darkred] TV [COLOR antiquewhite]===[/COLOR][/B]<title>
<link>http://ignorame<link><thumbnail>ext</thumbnail>
<externallink>https://zadarbuild.com.hr/Vukovarska_golubica/de.m3u</externallink>
<fanart>https://i.imgur.com/5LelUfo.jpg</fanart>
<info>[B][I][COLOR darkred] RaspberryPi KODI DEUTSCHLAND COMMUNITY [/B][/I][/COLOR]</info>
<item>


<item>
<title>[B][COLOR antiquewhite]===  Zadar [COLOR darkred] TV 2 [COLOR antiquewhite]===[/COLOR][/B]<title>
<link>http://ignorame<link><thumbnail>ext</thumbnail>
<externallink>https://zadarbuild.com.hr/Vukovarska_golubica/de1.m3u</externallink>
<fanart>https://i.imgur.com/5LelUfo.jpg</fanart>
<info>[B][I][COLOR darkred] RaspberryPi KODI DEUTSCHLAND COMMUNITY [/B][/I][/COLOR]</info>
<item>


<item>
<title>[B][COLOR antiquewhite]===  Zeus [COLOR darkred] TV [COLOR antiquewhite]===[/COLOR][/B]<title>
<link>http://ignorame<link><thumbnail>ext</thumbnail>
<externallink>https://pastebin.com/raw/XSBCUPcH</externallink>
<fanart>https://i.imgur.com/5LelUfo.jpg</fanart>
<info>[B][I][COLOR darkred] RaspberryPi KODI DEUTSCHLAND COMMUNITY [/B][/I][/COLOR]</info>
<item>


    <item>
        <title>[B][COLOR antiquewhite]===  Davor [COLOR darkred] TV [COLOR antiquewhite]===[/COLOR][/B]<title>
		<fanart>https://i.imgur.com/5LelUfo.jpg</fanart>
		<thumbnail>ext</thumbnail>
        <link>$doregex[get-menu]</link>
        <regex>
            <name>get-menu</name>
            <listrepeat><![CDATA[<title>[get-menu.param1]</title><link>$doregex[get-playlist]</link><thumbnail>[get-menu.param2]</thumbnail>]]></listrepeat>
            <expres>\s*.title.(.*?)./title.\s*.thumbnail.(.*?)./thumbnail.\s*.link.(.*?)./link.\s*.externallink.(.*?)./externallink.</expres>
            <page>http://davor.live/Addon/tv/world/Germany/MENI.mp4</page>
        </regex>
        <regex>
            <name>get-playlist</name>
            <listrepeat><![CDATA[<title>[get-playlist.param1]</title><link>[get-playlist.param2]</link>]]></listrepeat>
            <expres>#EXTINF.*,(.*)\s(.*)</expres>
            <page>[get-menu.param4]</page>
        </regex>
    </item>



<item>
<title>[B][COLOR antiquewhite]===  Fluxus [COLOR darkred] TV [COLOR antiquewhite]===[/B][/COLOR]<title>
<link>http://ignorame<link><thumbnail>ext</thumbnail>
<externallink>https://pastebin.com/raw/ZzGTySZE</externallink>
<fanart>https://i.imgur.com/5LelUfo.jpg</fanart>
<info>[B][I][COLOR darkred] RaspberryPi KODI DEUTSCHLAND COMMUNITY [/B][/I][/COLOR]</info>
<item>


<item>
<title>[B][COLOR limered]============================================= [/B][/COLOR]<title>
<link>http://ignorame<link><thumbnail>ext</thumbnail>
<externallink></externallink>
<fanart>https://i.imgur.com/5LelUfo.jpg</fanart>
<info>[B][I][COLOR darkred] RaspberryPi KODI DEUTSCHLAND COMMUNITY [/B][/I][/COLOR]</info>
<item>


<item>
<title>[B][COLOR antiquewhite]===  Music Choice [COLOR darkred] Radio Channels [COLOR antiquewhite]===[/B][/COLOR]<title>
<link>http://ignorame<link><thumbnail>ext</thumbnail>
<externallink>https://raw.githubusercontent.com/jewbmx/xml/master/lists/MClist.xml</externallink>
<fanart>https://i.imgur.com/5LelUfo.jpg</fanart>
<info>[B][I][COLOR darkred] RaspberryPi KODI DEUTSCHLAND COMMUNITY [/B][/I][/COLOR]</info>
<item>


<item>
<title>[B][COLOR antiquewhite]===  Alternative [COLOR darkred] Sports Channels [COLOR antiquewhite]===[/B][/COLOR]<title>
<link>http://ignorame<link><thumbnail>ext</thumbnail>
<externallink>/storage/.kodi/userdata/playlists/video/Sport.xml</externallink>
<fanart>https://i.imgur.com/5LelUfo.jpg</fanart>
<info>[B][I][COLOR darkred] RaspberryPi KODI DEUTSCHLAND COMMUNITY [/B][/I][/COLOR]</info>
<item>


<item>
<title>[B][COLOR limered]============================================= [/B][/COLOR]<title>
<link>http://ignorame<link><thumbnail>ext</thumbnail>
<externallink></externallink>
<fanart>https://i.imgur.com/5LelUfo.jpg</fanart>
<info>[B][I][COLOR darkred] RaspberryPi KODI DEUTSCHLAND COMMUNITY [/B][/I][/COLOR]</info>
<item>


<item>
<title>[B][COLOR antiquewhite]  "lorem jsonrpc" [/B][/COLOR]<title>
<link>http://ignorame<link><thumbnail>ext</thumbnail>
<jsonrpc></jsonrpc>
<fanart>https://i.imgur.com/5LelUfo.jpg</fanart>
<info>[B][I][COLOR darkred] RaspberryPi KODI DEUTSCHLAND COMMUNITY [/B][/I][/COLOR]</info>
<item>


<item>
<title>[B][COLOR antiquewhite]  "lorem ext" [/B][/COLOR]<title>
<link>http://ignorame<link><thumbnail>ext</thumbnail>
<externallink></externallink>
<fanart>https://i.imgur.com/5LelUfo.jpg</fanart>
<info>[B][I][COLOR darkred] RaspberryPi KODI DEUTSCHLAND COMMUNITY [/B][/I][/COLOR]</info>
<item>



<item>
<title>[B][COLOR limered]============================================= [/B][/COLOR]<title>
<link>http://ignorame<link><thumbnail>ext</thumbnail>
<externallink></externallink>
<fanart>https://i.imgur.com/5LelUfo.jpg</fanart>
<info>[B][I][COLOR darkred] RaspberryPi KODI DEUTSCHLAND COMMUNITY [/B][/I][/COLOR]</info>
<item>


</item>
