<?xml version="1.0" encoding="UTF-8"?>
<addon id="plugin.program.dependencies.installer"
		name="[COLOR red] Kodi Abhängigkeiten (Dependencies) Installer / Updater [/COLOR]"
		version="2019.10.10"
		provider-name="[COLOR red] Ctrl_Esc [/COLOR]">
	<requires>
		<import addon="xbmc.python" version="2.7.13" />
	</requires>
	<extension point="xbmc.python.pluginsource" library="resources/pys/updater.py">
		<provides>executable</provides>
	</extension>
	<extension point="xbmc.addon.metadata">
	<summary></summary>
	<description>Addon Abhängigkeiten / Dependencies Installer / Updater.</description>
	<disclaimer></disclaimer>
	<language></language>
	<platform>all</platform>
	<license></license>
	<forum></forum>
	<website></website>
	<email></email>
	<source></source>
	<news></news>
	<assets>
		<icon>resources/icon.png</icon>
		<fanart>resources/fanart.jpg</fanart>
		<banner></banner>
		<clearlogo></clearlogo>
		<screenshot></screenshot>
	</assets>
	</extension>
</addon>